{
  "project_info": {
    "project_number": "528635458090",
    "firebase_url": "https://market-app-59c77.firebaseio.com",
    "project_id": "market-app-59c77",
    "storage_bucket": "market-app-59c77.appspot.com"
  },
  "client": [
    {
      "client_info": {
        "mobilesdk_app_id": "1:528635458090:android:ab6b164dd2bebcc52e4953",
        "android_client_info": {
          "package_name": "com.example.marketApp"
        }
      },
      "oauth_client": [
        {
          "client_id": "528635458090-eg3ujhq5bb3i5f2jtvssmcjk7c7pam6d.apps.googleusercontent.com",
          "client_type": 3
        }
      ],
      "api_key": [
        {
          "current_key": "AIzaSyCFY4qFZV0-ATM4kGMlujpUxPn60EWY0qs"
        }
      ],
      "services": {
        "appinvite_service": {
          "other_platform_oauth_client": [
            {
              "client_id": "528635458090-eg3ujhq5bb3i5f2jtvssmcjk7c7pam6d.apps.googleusercontent.com",
              "client_type": 3
            }
          ]
        }
      }
    }
  ],
  "configuration_version": "1"
}